{"selector":{"@xmlns:android":"http://schemas.android.com/apk/res/android","item":[{"@android:drawable":"@drawable/check_box_checked","@android:state_checked":"true","@android:state_enabled":"true"},{"@android:drawable":"@drawable/check_box_unchecked","@android:state_checked":"false","@android:state_enabled":"true"},{"@android:drawable":"@drawable/check_box_checked_disabled","@android:state_checked":"true","@android:state_enabled":"false"},{"@android:drawable":"@drawable/check_box_unchecked_disabled","@android:state_checked":"false","@android:state_enabled":"false"},{"@android:drawable":"@drawable/check_box_unchecked"}]}}